balint,11,balint@test.com
stefi,10,10@test.com
Shiushin,7,shiushin@test.com
JulianDirac,6,jd@test.com
mike,1,mike@test.com
moraki,2,moraki@test.com
sachito,3,sachito@test.com
lolito,4,lolito@test.com
Michalis,5,michalis@test.com